time,SBP,DBP
3.496,126.48706,66.74634
3.736,113.78165,62.16918
3.976,125.74548,64.54228
4.216,119.896286,65.39039
4.456,119.51318,63.947548
4.696,120.98786,64.67978
4.936,119.989746,64.39978
5.176,112.90556,62.883537
5.416,115.75983,63.977516
5.656,105.5612,59.393562
5.896,110.32518,62.998447
6.136,109.09674,63.336155
6.376,115.90628,63.091686
6.616,115.67102,63.382095
6.856,116.71681,62.17437
7.096,112.55425,61.853355
7.336,108.928116,62.566875
7.576,107.63891,68.12515
7.816,102.13118,66.69697
8.056,114.59444,64.710075
8.296,121.34327,70.717896
8.536,108.48993,63.365456
8.776,106.29094,65.96164
9.016,105.22608,63.55838
9.256,105.64212,63.334137
9.496,103.51373,62.65089
9.736,116.32921,61.291286
9.976,104.36334,60.926956
10.216,114.022995,65.71092
10.456,104.50687,62.66416
10.696,109.26631,67.41901
10.936,122.68962,67.01609
11.176,122.00791,67.47675
11.416,117.29472,67.02775
11.656,116.75017,66.62798
11.896,123.943,67.75482
12.136,117.733696,67.8638
12.376,111.87393,65.04283
12.616,117.642624,66.273094
12.856,107.80032,68.20379
13.096,116.746864,67.03489
13.336,119.23776,65.136375
13.576,119.99456,65.010315
13.816,113.16814,62.528996
14.056,117.234,64.47641
14.296,116.727615,64.29292
14.536,118.18733,66.67726
14.776,115.98565,65.189285
15.016,120.33384,66.79725
15.256,120.852936,68.78494
15.496,110.516655,65.53895
15.736,119.12927,67.04615
15.976,123.05273,67.41014
16.216,120.74204,64.749054
16.456,114.30313,64.10865
16.696,120.09996,65.586365
16.936,114.52112,66.14969
17.176,110.224365,65.71743
17.416,115.13074,66.16017
17.656,114.84631,69.920425
17.896,105.12236,65.665436
18.136,106.214386,60.783234
18.376,108.41495,64.43154
18.616,119.03636,64.88264
18.856,115.69924,64.62593
19.096,108.71653,62.121635
19.336,110.12889,63.508217
19.576,112.47935,62.95524
19.816,108.98678,62.916954
20.056,107.280426,62.315193
20.296,111.59318,63.14042
20.536,108.907814,61.245308
20.776,105.59868,62.594833
21.016,114.715935,62.945522
21.256,102.086914,59.92552
21.496,99.95119,60.059937
21.736,109.679085,63.28788
21.976,110.4968,63.929077
22.216,108.65339,60.915966
22.456,105.51413,59.533295
22.696,105.789474,63.426086
22.936,104.75946,62.020233
23.176,107.25334,61.38409
23.416,104.88855,62.99488
23.656,119.53084,64.36076
23.896,107.509834,61.77813
24.136,107.185616,65.14961
24.376,103.52414,60.37516
24.616,98.01718,60.20404
24.856,103.3992,65.60715
25.096,108.1111,64.748856
25.336,104.93292,61.743557
25.576,112.75604,64.273994
25.816,101.68738,61.236332
26.056,100.61873,59.26026
26.296,93.82045,61.030933
26.536,96.96469,58.964375
26.776,100.15454,61.24166
27.016,102.02375,63.278362
27.256,97.1247,58.987434
27.496,97.540115,57.927967
27.736,100.12454,60.390877
27.976,104.37486,61.384163
28.216,105.84951,61.94339
28.456,99.79601,61.036434
28.696,96.97537,59.718742
28.936,99.78516,60.279106
29.176,104.06387,61.53467
29.416,98.203094,59.283012
29.656,103.90957,59.716522
29.896,102.851814,61.570793
30.136,102.87865,60.036583
30.376,103.0625,62.334846
30.616,106.957825,64.33379
30.856,109.434265,64.674194
31.096,102.67144,63.337887
31.336,111.22302,61.715836
31.576,109.694534,64.198074
31.816,108.1482,61.98088
32.056,106.41843,63.47867
32.296,107.42706,63.203804
32.536,104.26735,63.033623
32.776,106.940384,64.687805
33.016,106.05023,59.922462
33.256,104.71046,62.690754
33.496,106.92331,61.148666
33.736,115.22777,61.04418
33.976,105.86467,61.125412
34.216,107.10804,60.190544
34.456,106.4081,60.943863
34.696,97.802505,58.55685
34.936,108.4469,60.519257
35.176,107.115234,60.759754
35.416,105.13957,60.128685
35.656,107.59512,59.627655
35.896,107.27706,61.031006
36.136,116.775665,62.369404
36.376,111.7419,62.770824
36.616,111.04889,61.129578
36.856,109.08448,63.50174
37.096,111.40091,60.780014
37.336,105.4603,59.536972
37.576,105.79926,60.93539
37.816,104.51688,60.5358
38.056,101.73184,59.698776
38.296,105.59183,60.829697
38.536,105.46647,60.77458
38.776,99.7371,60.52693
39.016,106.8006,59.59199
39.256,106.297325,60.80989
39.496,110.01471,60.831078
39.736,108.91632,61.11035
39.976,109.718414,58.85127
40.216,110.55998,60.239445
40.456,105.66076,59.78829
40.696,110.22846,60.872887
40.936,108.707085,61.7232
41.176,107.88971,60.203827
41.416,117.18083,61.9356
41.656,112.58581,61.907784
41.896,104.086494,58.793274
42.136,112.60051,61.316425
42.376,109.42607,62.448338
42.616,110.4373,61.201202
42.856,106.86951,61.31512
43.096,110.81186,64.02116
43.336,98.60578,61.054638
43.576,107.61461,61.83289
43.816,108.96738,61.800987
44.056,105.127754,61.071274
44.296,100.79549,60.14399
44.536,97.69253,61.284286
44.776,106.73636,62.716534
45.016,109.518875,65.86388
45.256,103.6828,62.362827
45.496,111.731995,63.701168
45.736,100.9004,60.845364
45.976,96.15538,58.348297
46.216,96.77839,60.31926
46.456,96.40958,58.62619
46.696,107.15464,61.763054
46.936,99.739365,61.147377
47.176,107.8392,59.130196
47.416,99.197266,59.973457
47.656,97.53146,58.4658
47.896,103.31444,60.121788
48.136,107.665596,62.777145
48.376,114.73939,62.696384
48.616,109.80274,61.595963
48.856,115.692825,64.99069
49.096,112.22102,63.13225
49.336,111.65256,62.21498
49.576,105.07886,65.26779
49.816,106.11554,62.927315
50.056,112.30337,63.822075
50.296,107.82769,62.30501
50.536,110.786896,62.86386
50.776,109.162926,62.858177
51.016,109.11916,64.83699
51.256,111.40935,64.98457
51.496,109.79062,62.137108
51.736,116.487595,64.834564
51.976,116.57347,66.04179
52.216,115.50699,63.480526
52.456,116.32422,64.12922
52.696,123.651855,64.43365
52.936,115.67999,68.49944
53.176,114.85224,65.52041
53.416,115.20826,65.91745
53.656,111.65222,66.96405
53.896,109.40752,66.4623
54.136,107.279305,66.11072
54.616,110.837494,64.920006
54.856,115.23808,63.390167
55.096,109.31128,62.311043
55.336,107.42685,61.219467
55.576,113.81763,61.329098
55.816,112.16089,60.828865
56.056,109.6824,62.525635
56.296,112.86397,63.437286
56.536,112.6456,61.23027
56.776,113.07481,64.09539
57.016,107.08744,61.95868
57.256,106.816086,61.98573
