Timestamp,SBP,DBP,MAP,HR,HRV_RMSSD,RespRate
1786522090036,112.12901,67.85691,82.61428,50.404408,207.792,27.70298
1786522106710,114.670235,70.580956,85.27738,56.345257,55.68,21.040735
1786522122570,114.15187,71.13896,85.4766,65.23797,0.0,13.800566
1786522137585,114.189735,69.9622,84.70471,63.241432,90.67978,0.0
1786522150275,113.956276,69.75977,84.49194,68.64061,214.76572,19.291824
1786522162891,114.71808,69.59148,84.633675,66.882744,101.397644,23.498764
1786522181673,116.60626,70.94803,86.16744,78.18334,155.19353,20.581455
1786522212250,117.9849,71.15787,86.76688,90.223274,391.608,26.158564
1786522228455,116.440155,70.17731,85.59826,93.15484,102.216125,15.123852
1786522270507,110.405136,73.68276,85.92355,122.429756,107.48736,25.562496
