R,G,B
187.60893,159.51689,141.36572
187.00453,159.02693,141.52484
186.93408,159.02367,141.90422
186.92123,159.07469,141.70499
186.89937,159.15056,141.7678
186.96004,159.15213,141.86055
187.09048,159.34981,141.92253
186.8412,159.08867,141.67352
186.73105,159.04941,141.70744
186.87903,158.9826,141.55266
186.82089,159.04312,141.54802
186.75551,158.961,141.48647
186.86739,158.8875,141.33202
186.72023,158.90254,141.4137
186.98822,159.15323,141.55173
187.07101,159.26685,141.39886
187.00076,159.06223,141.4895
186.74463,159.06851,141.24188
186.97107,158.97473,141.33217
187.01819,159.10022,141.19621
187.14221,159.17236,141.1887
188.77034,160.58162,141.94806
188.4478,160.31328,141.82144
188.17467,160.09578,141.79074
188.00089,160.18036,141.79895
188.07053,160.15088,142.23802
187.96034,160.25008,142.17706
188.02391,160.15489,142.19583
188.0271,160.20438,142.13751
188.32947,160.73465,142.56291
188.54971,160.87389,142.42497
188.68799,160.82582,142.6477
188.84938,161.06102,142.75356
188.7554,160.99675,142.64218
188.88202,161.00574,142.62248
188.75089,161.02307,142.40392
188.6004,160.95142,142.27452
188.48798,160.65977,142.37865
188.45392,160.65437,142.46788
188.41484,160.76228,142.37291
188.33629,160.4636,142.41412
188.34859,160.51988,142.31514
188.363,160.46802,142.39963
188.32222,160.45886,142.30739
188.30759,160.52061,142.27733
188.46034,160.61046,142.20341
188.51509,160.68889,142.38669
188.30467,160.5098,142.06857
187.92067,160.11827,141.93198
187.93779,160.07135,141.95616
188.1263,160.2046,141.94453
188.20213,160.32085,142.00812
188.24225,160.44102,142.08557
188.3493,160.37569,142.30745
188.10666,160.23761,141.90144
188.0451,160.19217,141.8182
188.15811,160.08334,141.968
188.10701,160.07457,141.991
188.34264,160.39227,142.21446
188.205,160.26027,142.04852
188.18156,160.0896,142.15071
188.06552,160.13528,142.02371
188.08711,160.20235,142.01529
188.18265,160.2714,142.07622
188.3865,160.34807,142.32558
189.23846,161.14246,142.62183
189.78,161.68185,143.31133
189.39975,161.45226,143.06026
189.17099,161.0473,143.1874
188.73457,160.83762,142.80801
188.7494,160.76738,142.7729
188.44203,160.57874,142.60077
188.47859,160.71419,142.70306
188.60686,160.50601,142.70879
188.42776,160.5036,142.45662
188.55649,160.45018,142.50128
188.37204,160.23979,142.55078
188.23972,160.16577,142.37543
188.42667,160.23624,142.36937
188.26865,160.11491,142.46123
188.31439,160.26205,142.30832
188.38141,160.19046,142.41895
188.2989,160.174,142.23807
188.2938,160.1333,142.1929
188.11418,159.90813,142.07877
188.13268,159.89932,142.19861
188.16063,159.83525,142.0717
188.1169,159.89279,141.95236
188.14136,159.78096,141.99413
188.10172,159.89066,141.8889
188.19804,160.11711,142.03304
188.22354,159.98895,142.02199
188.20444,159.98671,141.82578
188.21408,159.9556,142.09282
188.19269,159.85321,142.0042
188.23271,159.83427,142.26904
188.17847,159.78532,142.02486
188.22647,159.84807,142.03748
188.09721,159.87746,141.98933
188.1187,159.85292,141.98991
188.32716,159.89212,141.95213
188.33607,159.89958,141.84253
188.49246,160.0389,142.23192
188.53455,160.148,142.21992
188.55673,160.24696,142.29613
188.62247,160.44539,142.36711
188.61823,160.41388,142.39915
188.99664,160.73863,142.67586
188.9558,160.86519,142.85829
189.31467,161.03575,142.98322
189.06541,161.08083,143.15265
189.53949,161.48286,143.39626
190.42258,162.54437,143.87595
191.74141,164.05928,145.25775
192.12126,164.46034,145.76784
192.35136,165.15137,146.53268
192.54048,165.40305,146.97816
192.99553,166.00592,147.92903
193.18767,166.43678,148.71074
193.29518,166.6896,149.115
193.62871,166.88892,149.34389
193.75833,167.10239,149.55879
194.11746,167.27267,149.61699
194.1639,167.4755,149.7217
194.06537,167.53738,149.72539
194.29138,167.53267,149.90686
194.02283,167.52968,149.93092
193.99837,167.52078,149.69336
193.838,167.35175,149.79192
193.97194,167.54167,149.78423
193.82593,167.51274,149.83867
193.78813,167.42549,149.79842
193.58954,167.16145,149.78241
193.64055,166.99432,149.47182
193.53612,167.00046,149.32764
193.362,166.79062,149.23358
193.05733,166.49367,148.61568
192.65538,165.83298,148.15848
192.66347,165.81863,147.8581
192.4593,165.38477,147.3372
192.1164,165.20386,146.76819
192.14297,164.99945,146.9238
191.90187,164.91954,146.9747
191.80975,164.64784,146.80658
191.78311,164.63707,146.69844
191.76854,164.64572,146.56233
191.91405,164.65567,146.62822
191.99979,164.68394,146.73514
191.74266,164.65178,146.70618
191.7596,164.59497,146.47148
192.38255,165.19908,146.5705
192.5222,165.36484,146.95828
192.39618,165.12904,146.99208
192.16843,164.97012,146.68596
191.81082,164.75827,146.70946
191.92094,164.68356,146.56894
191.8575,164.46399,146.52457
191.67729,164.61308,146.30241
191.5829,164.51367,146.35059
191.59164,164.45924,146.53575
191.7204,164.42888,146.56548
191.61375,164.40338,146.392
191.61366,164.44923,146.29065
191.72717,164.38742,146.50406
191.73714,164.47664,146.57007
191.81276,164.53526,146.31444
191.73354,164.42133,146.67363
191.66562,164.50647,146.47151
191.67834,164.40286,146.32089
191.57263,164.37758,146.44203
191.67004,164.4045,146.49306
191.75078,164.44327,146.58417
191.68391,164.39594,146.59244
191.79364,164.41057,146.60297
191.74486,164.57768,146.66013
191.77539,164.49138,146.73691
191.6358,164.54538,146.4679
191.75075,164.48663,146.72842
191.75975,164.5001,146.50679
191.72746,164.46869,146.35378
191.70407,164.56148,146.32239
191.67343,164.35141,146.31735
191.71246,164.22841,146.37598
191.66226,164.19965,146.53078
191.71309,164.24898,146.6176
191.6394,164.13686,146.76912
191.59708,164.33327,146.77324
191.6361,164.39445,146.59157
191.62337,164.39201,146.65877
191.75618,164.41258,146.44736
191.61517,164.29698,146.41614
192.43826,165.0064,146.53893
192.48193,165.01404,146.80037
192.14825,164.82062,146.96126
192.0314,164.74158,146.74652
191.88248,164.68042,146.71278
191.88785,164.50082,146.69664
191.83286,164.53105,146.68353
191.95387,164.53735,146.93948
191.94121,164.57912,146.7507
191.90567,164.4911,146.69571
191.7033,164.42757,146.6277
191.76189,164.5627,146.30124
191.69527,164.43768,146.65947
191.69336,164.45445,146.54707
191.80107,164.3616,146.53244
191.87164,164.3903,146.51595
191.71333,164.40968,146.65465
191.80057,164.36871,146.42674
191.80241,164.32996,146.56107
