subject_id,step,age,gender,bmi,gt_sbp,gt_dbp,gt_hr,tscan_sbp,tscan_dbp,tscan_hr,pos_sbp,pos_dbp,pos_hr,chrom_sbp,chrom_dbp,chrom_hr,green_sbp,green_dbp,green_hr
1020,after,23.0,F,19.0,113.0,78.0,100.0,127.1,76.3,49.1,127.0,76.3,52.0,127.0,76.3,64.0,127.1,76.3,52.0
1020,before,23.0,F,19.0,105.0,78.0,83.0,127.1,76.3,65.5,127.1,76.3,80.0,127.1,76.3,80.0,127.1,76.3,56.0
1024,after,19.0,F,17.1,115.0,69.0,88.0,126.4,75.9,62.2,126.3,75.9,76.0,126.4,75.9,76.0,126.4,75.9,100.0
1024,before,19.0,F,17.1,106.0,59.0,78.0,126.4,75.9,65.2,126.4,75.9,52.1,126.4,75.9,56.1,126.5,76.0,64.1
1035,after,18.0,M,21.4,112.0,72.0,93.0,127.3,76.4,81.8,127.3,76.5,56.0,127.3,76.4,56.0,127.3,76.5,56.0
1035,before,18.0,M,21.4,106.0,55.0,83.0,127.3,76.4,75.3,127.3,76.5,56.0,127.3,76.4,56.0,127.4,76.5,52.0
1091,after,22.0,F,27.6,138.0,87.0,132.0,128.8,77.3,61.2,128.9,77.4,68.1,128.8,77.4,124.1,128.8,77.3,60.1
1091,before,22.0,F,27.6,135.0,86.0,94.0,128.8,77.4,65.2,128.8,77.4,100.1,128.8,77.4,52.1,128.8,77.4,92.1
1097,after,19.0,F,24.6,116.0,71.0,105.0,128.0,76.9,75.3,128.1,76.9,68.0,128.1,77.0,72.0,128.1,77.0,84.0
1097,before,19.0,F,24.6,112.0,70.0,90.0,128.0,76.9,57.1,128.1,76.9,52.1,128.1,77.0,56.1,128.1,77.0,108.1
1099,after,21.0,M,19.3,120.0,72.0,94.0,126.9,76.2,68.7,127.0,76.2,56.0,127.0,76.3,72.0,127.0,76.2,116.0
1099,before,21.0,M,19.3,112.0,68.0,76.0,127.0,76.2,55.6,126.9,76.2,60.0,126.9,76.2,128.0,126.9,76.2,64.0
1107,after,20.0,F,19.6,141.0,80.0,146.0,126.9,76.2,137.5,126.9,76.2,64.0,127.0,76.2,60.0,127.0,76.3,76.0
1107,before,20.0,F,19.6,127.0,78.0,83.0,127.0,76.3,55.6,127.0,76.3,60.0,126.9,76.2,56.0,126.9,76.2,92.0
1113,after,19.0,F,19.8,96.0,66.0,83.0,127.0,76.3,77.5,126.9,76.3,92.1,126.9,76.2,92.1,127.0,76.3,72.1
1113,before,19.0,F,19.8,95.0,60.0,84.0,127.0,76.3,53.0,127.0,76.3,60.1,127.0,76.3,60.1,127.0,76.3,68.1
