subject_id,step,age,gender,bmi,gt_sbp,pred_sbp,sbp_err,gt_dbp,pred_dbp,dbp_err,gt_hr,pred_hr
1020,after,23.0,F,19.0,113.0,127.1,14.1,78.0,76.3,1.7,100.0,49.4
1020,before,23.0,F,19.0,105.0,127.1,22.1,78.0,76.3,1.7,83.0,65.8
1024,after,19.0,F,17.1,115.0,126.4,11.4,69.0,75.9,6.9,88.0,61.7
1024,before,19.0,F,17.1,106.0,126.4,20.4,59.0,75.9,16.9,78.0,66.6
1035,after,18.0,M,21.4,112.0,127.3,15.3,72.0,76.4,4.4,93.0,82.3
1035,before,18.0,M,21.4,106.0,127.3,21.3,55.0,76.4,21.4,83.0,78.2
1091,after,22.0,F,27.6,138.0,128.8,9.2,87.0,77.3,9.7,132.0,61.5
1091,before,22.0,F,27.6,135.0,128.8,6.2,86.0,77.4,8.6,94.0,71.8
1097,after,19.0,F,24.6,116.0,128.1,12.1,71.0,76.9,5.9,105.0,65.8
1097,before,19.0,F,24.6,112.0,128.0,16.0,70.0,76.9,6.9,90.0,56.4
1099,after,21.0,M,19.3,120.0,126.9,6.9,72.0,76.1,4.1,94.0,61.7
1099,before,21.0,M,19.3,112.0,127.0,15.0,68.0,76.2,8.2,76.0,57.6
